time,user,delta_usd
2023-02-26T16:44:05Z,0x677d831aef5328190852e24f13c46cac05f984e7,4
2023-02-26T16:59:45Z,0x677d831aef5328190852e24f13c46cac05f984e7,2
2023-02-26T17:00:15Z,0x677d831aef5328190852e24f13c46cac05f984e7,-1.1
2023-02-26T21:03:27Z,0xfc13878222c06e7cc043841027c893a4c9f180c9,2000
2023-02-27T15:01:48Z,0x3b6996b7aa8371b0301167eefca33efca13307d6,30
2023-02-27T15:04:32Z,0x3b6996b7aa8371b0301167eefca33efca13307d6,-29.85084
2023-02-27T15:12:26Z,0x3b6996b7aa8371b0301167eefca33efca13307d6,30
2023-02-27T15:13:01Z,0x3b6996b7aa8371b0301167eefca33efca13307d6,-30
2023-02-27T15:30:40Z,0x2417f49cba757c41627a3cf8ea03cd55867b5c8b,30
2023-02-27T16:09:03Z,0x2417f49cba757c41627a3cf8ea03cd55867b5c8b,-27.301722
2023-02-27T16:11:22Z,0x3b6996b7aa8371b0301167eefca33efca13307d6,34.660761
2023-02-27T22:06:24Z,0x17d8e3268b7c81111c98b7d3ccea55072a32d6c0,100
2023-02-28T04:33:03Z,0x3b6996b7aa8371b0301167eefca33efca13307d6,-20
2023-02-28T15:49:33Z,0x677d831aef5328190852e24f13c46cac05f984e7,10
2023-02-28T23:34:37Z,0x0811d5442a311bc591fe663534d548bf1c09d7de,100
2023-03-01T02:03:48Z,0x17d8e3268b7c81111c98b7d3ccea55072a32d6c0,100
2023-03-01T15:31:38Z,0x3b6996b7aa8371b0301167eefca33efca13307d6,30
2023-03-01T20:18:01Z,0x431f554877369c81ef35ab6ad39c004f21ec6b7e,30.569113
2023-03-01T20:29:34Z,0xe3a285a05076df90c3578a73b34c4880180e6668,9.126033
2023-03-01T23:21:56Z,0x677d831aef5328190852e24f13c46cac05f984e7,10
2023-03-02T01:42:03Z,0x17d8e3268b7c81111c98b7d3ccea55072a32d6c0,30
2023-03-02T02:57:01Z,0x0811d5442a311bc591fe663534d548bf1c09d7de,100
2023-03-02T05:34:00Z,0x2d5b239c049e84ffa914bef95a2f769bd7841a33,15
2023-03-02T13:37:23Z,0xc12899141fde243c1f6a1e77f285aafdcb50afc8,15
2023-03-02T15:11:55Z,0x7cb2ad2ec5c182c2e0868985b0ea733d1deaf0d1,30
2023-03-03T01:48:38Z,0xf853dcf3d65c94e61a6b554d5595bb4f50994601,30
2023-03-03T05:36:53Z,0x1497603fea33e12307ea0a1988cdff9efc4bdea4,75
2023-03-03T06:32:50Z,0x1497603fea33e12307ea0a1988cdff9efc4bdea4,-15
2023-03-03T06:33:02Z,0x1497603fea33e12307ea0a1988cdff9efc4bdea4,15
2023-03-04T00:02:37Z,0x0811d5442a311bc591fe663534d548bf1c09d7de,-100
2023-03-04T02:37:04Z,0x677d831aef5328190852e24f13c46cac05f984e7,10
2023-03-07T15:16:56Z,0x63fb72ff2ed658d053399b6e15d044cd8ff2838d,10
2023-03-07T18:09:05Z,0x63fb72ff2ed658d053399b6e15d044cd8ff2838d,-9.929241
2023-03-08T13:48:29Z,0x6482a07ec9b8ed76cf7989d19d39d508cfb5e875,15
2023-03-09T06:39:19Z,0x7bb79ce20e464062ae265a0a9d03f3e6a9200501,0.01
2023-03-09T06:46:23Z,0x7bb79ce20e464062ae265a0a9d03f3e6a9200501,1
2023-03-09T06:54:31Z,0x7bb79ce20e464062ae265a0a9d03f3e6a9200501,9
2023-03-09T06:56:16Z,0x7bb79ce20e464062ae265a0a9d03f3e6a9200501,0.5
2023-03-09T07:00:47Z,0x7bb79ce20e464062ae265a0a9d03f3e6a9200501,-10.49816
2023-03-09T21:27:14Z,0x4acd63bdce72e7f269f5b29a6e03ee2d222a9fc6,300
2023-03-11T00:58:29Z,0xb8d4df452dfa59dc4b0323a345f461d72b663b21,300
2023-03-11T02:34:21Z,0x17d8e3268b7c81111c98b7d3ccea55072a32d6c0,100
2023-03-11T13:02:10Z,0x17d8e3268b7c81111c98b7d3ccea55072a32d6c0,100
2023-03-11T14:53:04Z,0x0811d5442a311bc591fe663534d548bf1c09d7de,-243.726547
2023-03-12T01:08:37Z,0x0811d5442a311bc591fe663534d548bf1c09d7de,200
2023-03-12T01:22:24Z,0xb8d4df452dfa59dc4b0323a345f461d72b663b21,104.360639
2023-03-12T14:13:06Z,0x6482a07ec9b8ed76cf7989d19d39d508cfb5e875,9.112918
2023-03-12T20:22:20Z,0x677d831aef5328190852e24f13c46cac05f984e7,11
2023-03-13T00:54:37Z,0x17d8e3268b7c81111c98b7d3ccea55072a32d6c0,100
2023-03-14T12:15:34Z,0x0811d5442a311bc591fe663534d548bf1c09d7de,300
2023-03-14T13:27:44Z,0x3b6996b7aa8371b0301167eefca33efca13307d6,104.785968
2023-03-15T15:39:11Z,0x3b6996b7aa8371b0301167eefca33efca13307d6,-108
2023-03-22T22:37:29Z,0x1497603fea33e12307ea0a1988cdff9efc4bdea4,300
2023-03-23T06:04:38Z,0x10d0739e251f5c212312d023c9fcfe0fdcafca23,1000
2023-03-23T06:26:47Z,0x1497603fea33e12307ea0a1988cdff9efc4bdea4,220.820975
2023-03-23T09:17:40Z,0xffcdcf517f40ec98e6035f86a30fd8ad3abf67dc,30
2023-03-23T17:10:27Z,0x677d831aef5328190852e24f13c46cac05f984e7,10
2023-03-23T17:35:54Z,0x677d831aef5328190852e24f13c46cac05f984e7,-10
2023-03-23T18:14:43Z,0x2d5b239c049e84ffa914bef95a2f769bd7841a33,29.0463
2023-03-23T18:46:21Z,0x0811d5442a311bc591fe663534d548bf1c09d7de,200
2023-03-24T03:41:57Z,0x3b6996b7aa8371b0301167eefca33efca13307d6,170
2023-03-24T11:09:34Z,0x3b6996b7aa8371b0301167eefca33efca13307d6,-141.500414
2023-03-24T11:15:47Z,0x42061acc5da4af3b779aa7a275e72ad163308490,146.099073
2023-03-24T15:42:23Z,0x069cb0aeab4abd5eab8e7bed1a128db31f64b116,300
2023-03-24T17:37:50Z,0x4acd63bdce72e7f269f5b29a6e03ee2d222a9fc6,800
2023-03-26T13:28:15Z,0x677d831aef5328190852e24f13c46cac05f984e7,4
2023-03-26T15:39:26Z,0x42061acc5da4af3b779aa7a275e72ad163308490,-121.013028
2023-03-27T03:12:04Z,0x677d831aef5328190852e24f13c46cac05f984e7,-4
2023-03-27T14:36:27Z,0x677d831aef5328190852e24f13c46cac05f984e7,4
2023-03-27T16:13:32Z,0x677d831aef5328190852e24f13c46cac05f984e7,-2
2023-03-27T16:17:12Z,0x677d831aef5328190852e24f13c46cac05f984e7,2
2023-03-27T16:17:37Z,0x677d831aef5328190852e24f13c46cac05f984e7,-3
2023-03-27T16:56:19Z,0x677d831aef5328190852e24f13c46cac05f984e7,-3
2023-03-27T21:12:52Z,0x2b7a02702cf210b75ac17258d4d80addda7b9a44,505.747152
2023-03-28T04:22:47Z,0xa172be302b24df2c0c095d03f6c8459e6b83d894,300
2023-03-29T03:12:23Z,0x42061acc5da4af3b779aa7a275e72ad163308490,126.219384
2023-03-29T14:11:24Z,0x0811d5442a311bc591fe663534d548bf1c09d7de,100
2023-03-30T04:42:17Z,0x42061acc5da4af3b779aa7a275e72ad163308490,-26
2023-03-30T09:23:20Z,0x42061acc5da4af3b779aa7a275e72ad163308490,136.680695
2023-03-30T09:44:12Z,0xffcdcf517f40ec98e6035f86a30fd8ad3abf67dc,20
2023-03-30T14:12:19Z,0x42061acc5da4af3b779aa7a275e72ad163308490,62.956649
2023-03-31T08:33:01Z,0x42061acc5da4af3b779aa7a275e72ad163308490,63.980157
2023-03-31T16:12:43Z,0xad3a87a43489c44f0a8a33113b2745338ae71a9d,0.05
2023-03-31T23:55:12Z,0x42061acc5da4af3b779aa7a275e72ad163308490,-320
2023-04-01T00:03:41Z,0x42061acc5da4af3b779aa7a275e72ad163308490,-30
2023-04-02T04:20:45Z,0x42061acc5da4af3b779aa7a275e72ad163308490,35.521153
2023-04-04T15:06:50Z,0x0c895c4904514b8ccca77cfbe22daaef235e4070,15
2023-04-05T02:10:29Z,0x3147ba7cd9bd654fa0d24e579959111aef1f25a8,47.13186
2023-04-05T02:28:23Z,0x677d831aef5328190852e24f13c46cac05f984e7,10
2023-04-05T02:30:47Z,0x677d831aef5328190852e24f13c46cac05f984e7,990
2023-04-05T02:59:19Z,0x3b6996b7aa8371b0301167eefca33efca13307d6,-175.24433
2023-04-05T03:01:58Z,0x42061acc5da4af3b779aa7a275e72ad163308490,175.24433
2023-04-05T03:54:47Z,0x1497603fea33e12307ea0a1988cdff9efc4bdea4,500
2023-04-05T13:37:46Z,0x6c81d7c8fcd29cb8eaa5f2ba40baabc4e147d3e9,6.363087
2023-04-05T15:11:48Z,0x42061acc5da4af3b779aa7a275e72ad163308490,-200
2023-04-05T17:41:55Z,0x4e342f8988fd2668059b3fdf4729f01c1a2d6972,180
2023-04-06T00:07:57Z,0x4f17562c9a6ccfe47c3ef4245eb53c047cb2ff1d,23.665693
2023-04-06T04:20:50Z,0x10d0739e251f5c212312d023c9fcfe0fdcafca23,-1000
2023-04-06T12:36:38Z,0x1497603fea33e12307ea0a1988cdff9efc4bdea4,-900
2023-04-07T02:29:34Z,0x6085b7d1b24f2819451313ab862419a5387741d4,500
2023-04-07T22:46:13Z,0x15ebe589457229c039ddfd0370dc7d84497bc722,1000
2023-04-08T00:47:10Z,0x27c295f01ff5d5d3fdeb1af9115eb5208404c099,372.049155
2023-04-08T01:43:13Z,0x27c295f01ff5d5d3fdeb1af9115eb5208404c099,463.953599
2023-04-08T03:00:27Z,0x15ebe589457229c039ddfd0370dc7d84497bc722,1000
2023-04-08T08:13:33Z,0xc48520bdf117d951e495225b77eb38734be96d94,50
2023-04-08T10:06:30Z,0xc48520bdf117d951e495225b77eb38734be96d94,-50.0174
2023-04-08T14:31:01Z,0x42061acc5da4af3b779aa7a275e72ad163308490,-50
2023-04-08T16:45:47Z,0x4429d984162e1c4c4cd1fad6885a78f870c4b892,100
2023-04-10T16:39:46Z,0x4f17562c9a6ccfe47c3ef4245eb53c047cb2ff1d,464.302615
2023-04-10T19:22:07Z,0x48b576c87e788a762d6f95a456f2a39113b46950,105.058488
2023-04-10T21:13:52Z,0x9c3eae1a765d1bebbca223414d24201340468265,20.249338
2023-04-11T02:16:16Z,0x4f17562c9a6ccfe47c3ef4245eb53c047cb2ff1d,1000
2023-04-11T12:10:36Z,0x9c3eae1a765d1bebbca223414d24201340468265,50.211852
2023-04-12T02:52:20Z,0x42061acc5da4af3b779aa7a275e72ad163308490,192.352386
2023-04-12T06:45:04Z,0x9c3eae1a765d1bebbca223414d24201340468265,46.496543
2023-04-12T09:32:36Z,0xc9c00bd2d63738edf87ed8ed8e5951550f84f3eb,29.089361
2023-04-12T14:49:58Z,0x4f17562c9a6ccfe47c3ef4245eb53c047cb2ff1d,501.231932
2023-04-12T15:15:35Z,0x4f17562c9a6ccfe47c3ef4245eb53c047cb2ff1d,500.163965
2023-04-12T15:41:58Z,0xa3891fed3e714259e227d77f7a23b7247491fb77,44
2023-04-12T15:42:23Z,0xe291f60b49aace4020d5919c4c98c6cf08fd76c0,44
2023-04-12T15:42:33Z,0x8bc964e36e3fcf9068d98e55a64a99d22c898afa,44
2023-04-12T15:42:40Z,0xf1ac29b67d0695546123185776afffb3be7dc4d1,44
2023-04-12T15:42:55Z,0xb4fa18fbbab81ad88d551cb991573e9f36ac9f54,44
2023-04-12T15:43:07Z,0x86219301a71c65a8f2c3e0ffce65bcdad7a01003,44
2023-04-12T15:43:16Z,0x6aabd336c0e52f0c20d9db89e0824fc3a3233480,44
2023-04-12T15:48:00Z,0x42061acc5da4af3b779aa7a275e72ad163308490,-200
2023-04-12T16:00:13Z,0x86219301a71c65a8f2c3e0ffce65bcdad7a01003,66
2023-04-12T16:03:43Z,0x86219301a71c65a8f2c3e0ffce65bcdad7a01003,200
2023-04-12T18:22:07Z,0x91635821189683cbe95d6a513e49bc55d3654797,100
2023-04-12T18:29:38Z,0xf1ac29b67d0695546123185776afffb3be7dc4d1,-44
2023-04-12T18:31:17Z,0xf1ac29b67d0695546123185776afffb3be7dc4d1,44
2023-04-12T19:35:50Z,0xde2f8a2f6c4077591ba6f4dbeb3a254942032e26,10
2023-04-12T21:45:07Z,0xde2f8a2f6c4077591ba6f4dbeb3a254942032e26,100
2023-04-12T21:50:11Z,0xb4fa18fbbab81ad88d551cb991573e9f36ac9f54,-44
2023-04-12T22:44:29Z,0x9ff51f28e5c2819c8a48069c467df0e512abb5ca,500
2023-04-13T01:50:01Z,0x3b6996b7aa8371b0301167eefca33efca13307d6,-53.457876
2023-04-13T01:53:16Z,0x42061acc5da4af3b779aa7a275e72ad163308490,43.457876
2023-04-13T07:21:57Z,0x3d0d01f48951d12bad8ff5bcf37fd0c6ce3ea566,134.219046
2023-04-13T11:58:18Z,0x42061acc5da4af3b779aa7a275e72ad163308490,-200
2023-04-13T12:31:46Z,0xe291f60b49aace4020d5919c4c98c6cf08fd76c0,-44
2023-04-13T12:35:47Z,0xde2f8a2f6c4077591ba6f4dbeb3a254942032e26,393.121246
2023-04-13T14:47:24Z,0xbaa32387bd55553ec806622d524b12bbb8242a19,259.801141
2023-04-13T19:19:58Z,0xa3891fed3e714259e227d77f7a23b7247491fb77,-43.9177
2023-04-14T00:34:21Z,0x0709b103d46d71458a71e5d81230dd688809a53d,21.189642
2023-04-14T01:50:15Z,0x42061acc5da4af3b779aa7a275e72ad163308490,-50
2023-04-14T02:35:00Z,0x0709b103d46d71458a71e5d81230dd688809a53d,2978.810358
2023-04-14T03:39:11Z,0x42061acc5da4af3b779aa7a275e72ad163308490,34.751017
2023-04-14T04:27:50Z,0x51ec66e63199176f59c80268e0be6ffa91fab220,3000
2023-04-14T12:05:19Z,0x42061acc5da4af3b779aa7a275e72ad163308490,-20
2023-04-14T12:54:48Z,0x354395cb7dcbd1327ee4b880ae52673908726701,120
2023-04-14T16:18:41Z,0x42061acc5da4af3b779aa7a275e72ad163308490,-53.811957
2023-04-14T16:58:26Z,0x86219301a71c65a8f2c3e0ffce65bcdad7a01003,309.030987
2023-04-14T18:41:39Z,0x86219301a71c65a8f2c3e0ffce65bcdad7a01003,207.916267
2023-04-15T01:08:02Z,0x42061acc5da4af3b779aa7a275e72ad163308490,232.025596
2023-04-15T01:57:17Z,0x86219301a71c65a8f2c3e0ffce65bcdad7a01003,1501.033211
2023-04-15T07:06:10Z,0x9c3eae1a765d1bebbca223414d24201340468265,521.957034
2023-04-15T08:40:51Z,0xc9c00bd2d63738edf87ed8ed8e5951550f84f3eb,20
2023-04-15T08:59:57Z,0x907b001c9c706735b26fde689ef492961966760b,94.339271
2023-04-16T04:54:17Z,0x1497603fea33e12307ea0a1988cdff9efc4bdea4,1000
2023-04-16T11:45:41Z,0xd6f4b3c7a7df4d03a08ce378b62f7f9b96478aa6,1000
2023-04-17T06:46:09Z,0xdc5422512be975cc99b6d6d62743f4a83bc19851,21.247378
2023-04-17T10:51:41Z,0xd1947a3d0955454b9b13bf6fefae1b82aa712123,102.863856
2023-04-17T18:02:22Z,0x6aabd336c0e52f0c20d9db89e0824fc3a3233480,163.384567
2023-04-17T20:34:27Z,0x87f1bf916cf34fa266e3abd4224a00004aee4aa7,103.94651
2023-04-17T20:53:54Z,0xfc4a6f7af2ea8a27be847f2d4a3fd4edc34cd19c,110
2023-04-17T21:29:18Z,0xfc4a6f7af2ea8a27be847f2d4a3fd4edc34cd19c,-104.62907
2023-04-17T22:39:24Z,0xb9d83d298d46c4dd73618f19a2a40084ce36476a,41.641472
2023-04-17T22:43:46Z,0xf290f3d843826d00f8176182fd76550535f6dbb4,512.380203
2023-04-17T22:48:50Z,0x7fae3cbe00a1045a8798727a3a4775312d21e81f,1000
2023-04-17T23:01:21Z,0xb9d83d298d46c4dd73618f19a2a40084ce36476a,-35.288592
2023-04-17T23:41:43Z,0x1fad068d5dd3f0f744f35f3684bb5ecafdb486f5,100.707873
2023-04-17T23:46:30Z,0x2775fb7e8ac8a3ab06c9bf324c5f2c568d3768df,200
2023-04-17T23:48:44Z,0xa3a15567ee4e8a483fabfda28ff309045537dd84,300
2023-04-18T02:32:35Z,0x89c95863d976998b78784a7ffe0020ce458bcfe5,512.39
2023-04-18T02:32:35Z,0xf290f3d843826d00f8176182fd76550535f6dbb4,-512.39
2023-04-18T02:33:41Z,0x89c95863d976998b78784a7ffe0020ce458bcfe5,1003.704103
2023-04-18T05:13:14Z,0xec7899618220e34be0317b9d4d75daf825d0ab4d,200
2023-04-18T12:18:07Z,0x96b2bba39c34666864902c5752eeae851393484d,20.978859
2023-04-18T12:21:43Z,0xb338c6ef3fe4cbe4439f2cbc4bbd278d30ea0722,429.930435
2023-04-18T12:39:06Z,0x43bf9b23f1c51e7fcd0a8b0a08148e847f27fa7e,219.711938
2023-04-18T12:58:45Z,0xdce64a75c5a15826d059fc3d0812dbd3baef5893,755
2023-04-18T13:18:03Z,0xabceb0f84c830d6d7b94c6273f2ab27ca597aa25,1000
2023-04-18T13:19:36Z,0x1452a82ba0fe0214e4619a9077489dbcb0a5110c,105.44765
2023-04-18T13:40:35Z,0x113deae33236d6c1d7452ee16149ea6bdb7bc1ab,245.328999
2023-04-18T13:51:22Z,0x96b2bba39c34666864902c5752eeae851393484d,525.691649
2023-04-18T14:09:55Z,0x96b2bba39c34666864902c5752eeae851393484d,-600
2023-04-18T14:30:40Z,0x179009d7fe50128ea6379ac8089115da770750a5,500
2023-04-18T16:57:32Z,0x43bf9b23f1c51e7fcd0a8b0a08148e847f27fa7e,-214.445303
2023-04-18T17:01:24Z,0x113deae33236d6c1d7452ee16149ea6bdb7bc1ab,-230.533679
2023-04-18T17:44:16Z,0x42061acc5da4af3b779aa7a275e72ad163308490,-217.260951
2023-04-18T18:46:06Z,0x7007c7c32cb120961c011c38f5aad2f0dbb05c73,375.5
2023-04-18T19:10:02Z,0x98e1c4e34ccded4760ef8da63bcccdf4a75b3c4b,1000
2023-04-18T19:13:23Z,0x7a375d8dd17989385a18936230c60cfd605c7006,100
2023-04-18T19:16:48Z,0x98e1c4e34ccded4760ef8da63bcccdf4a75b3c4b,-998.70057
2023-04-18T19:23:54Z,0xf97c77c4a036752854663ca597f097aa5db7534b,101
2023-04-18T19:28:06Z,0xffeb5ed2169af0af8db2278a0c7539bb5bd3630f,300
2023-04-18T19:59:12Z,0x8d7e609eabc813df14ef5ae36346de96503af0c4,316.470469
2023-04-18T20:14:35Z,0x1e5c797a569276bda2ee21750186000e01d2bb5b,42.265055
2023-04-18T21:22:47Z,0x8d7e609eabc813df14ef5ae36346de96503af0c4,414.817563
2023-04-18T21:33:10Z,0x919bea57e3d2439e8bddd7e6be3281dbd2cfc2a8,1000
2023-04-18T22:36:11Z,0xf260029a51933376dce9e60d0ab0be2c6403746b,101
2023-04-18T23:10:04Z,0x1851f57461c0b28f0dc13abbda6f942a4781235b,104
2023-04-18T23:16:46Z,0x077904eb39fdfee17679356987beb89c7b26e5b8,942
2023-04-19T00:01:10Z,0xad900d0a5c5c213c6efeadfff67019b81c2344e2,105
2023-04-19T00:18:54Z,0x80189a10db6f1c4c237054c3bcb107a24634e3eb,150
2023-04-19T00:19:36Z,0xad900d0a5c5c213c6efeadfff67019b81c2344e2,25
2023-04-19T01:06:52Z,0x523ecfed306880c058f605f95aba86bf490dbb9c,200
2023-04-19T01:25:47Z,0xbafa0e7925d275421002fff83076dd387a79e6d2,109.713474
2023-04-19T02:19:59Z,0x990f3f9d7a16bce79a02854cfccc95710f670300,100
2023-04-19T02:47:59Z,0xa43dea86853f5ed8f767e36e16fd20b36b07769d,418.040969
2023-04-19T03:09:59Z,0x5afe19a8e8b62dda50050dcad297391f8ea72999,600
2023-04-19T03:13:00Z,0x5afe19a8e8b62dda50050dcad297391f8ea72999,-595.64258
2023-04-19T03:19:43Z,0x380886e656ce40bd145a9fb85ac7e3dc51d5ee8b,100
2023-04-19T03:48:39Z,0x6140b013fd4acfe15c302b605b5de388cd8897bd,110
2023-04-19T04:10:07Z,0xd45e492ba5adf9dfe14e70a99a7a800720944e68,200
2023-04-19T04:55:06Z,0x1cdb80b2da94290e4534f9e12c16b9fb89de3285,84.233115
2023-04-19T04:56:34Z,0x1cdb80b2da94290e4534f9e12c16b9fb89de3285,14.326389
2023-04-19T05:16:18Z,0x9b4c436f40e7fbae7bad8b7547a2e8652c71b6c5,1000
2023-04-19T06:01:56Z,0xeacdd6b4b80fcb241a4cfab7f46e886f19c89340,1000
2023-04-19T06:12:20Z,0x24544d711ee5b9abb82ea6e14230f59bce9a2e56,145.903651
2023-04-19T07:13:54Z,0x629cd43eaf443e66a9a69ed246728e1001289eac,999.4
2023-04-19T08:14:03Z,0x1e5c797a569276bda2ee21750186000e01d2bb5b,216.958309
2023-04-19T08:47:40Z,0x1e5c797a569276bda2ee21750186000e01d2bb5b,216.958309
2023-04-19T09:27:21Z,0x1eb36d9f5d65de272868d2eb734ba43587f6f468,125.394211
2023-04-19T09:33:47Z,0xf97c77c4a036752854663ca597f097aa5db7534b,100.674484
2023-04-19T09:45:17Z,0x8bc964e36e3fcf9068d98e55a64a99d22c898afa,-10
2023-04-19T10:33:24Z,0x9753ca9742c6cf63606116b4faf06b22264f0e50,3002.932871
2023-04-19T10:38:31Z,0x2567d753e50159effccab3da32c960148c93e1a5,200
2023-04-19T12:37:40Z,0x6d0f4c545363cfbe4e326075a6dab556d0c66dd8,20
2023-04-19T12:40:50Z,0x6d0f4c545363cfbe4e326075a6dab556d0c66dd8,-18.74745
2023-04-19T14:25:26Z,0x550339b44e603c3cbe6b0c00cf70bbfe16c5a04a,111
2023-04-19T14:44:53Z,0x677d831aef5328190852e24f13c46cac05f984e7,2567
2023-04-19T14:51:04Z,0xb0720a40d6335df0ac90ff9e4b755217632ca78c,92.096887
2023-04-19T15:05:18Z,0x46a9a5ba32b1de75d997cfde90fb7b41bf4cad81,200
2023-04-19T16:07:55Z,0x888b6fac94ba35a538b9f9a3725aaed53133ecca,520
2023-04-19T16:50:27Z,0xdb5b134cd79fda92dea3f84a720328fb7b2167bf,120
2023-04-19T16:53:23Z,0x58d02e7b18efbbd3d00a2e7f915c3f20bec893b3,3000
2023-04-19T18:08:48Z,0xafbea85f4d132cf6cdb124decdd7a915f2a47956,25
2023-04-19T18:22:06Z,0x9a1500b41519868039b1f95c447ba50b76d837e6,2000
2023-04-19T18:23:29Z,0xafbea85f4d132cf6cdb124decdd7a915f2a47956,-24.81798
2023-04-19T19:17:00Z,0xc2fb6f0c90314ef5098d1c3d93331ae619077408,100
2023-04-20T00:03:02Z,0xc72eb85e2af5f2d0364aacfc527d6a438a1423aa,49.966473
2023-04-20T01:39:54Z,0x3b6996b7aa8371b0301167eefca33efca13307d6,-4.4326
2023-04-20T01:39:54Z,0x42061acc5da4af3b779aa7a275e72ad163308490,4.4326
2023-04-20T05:28:26Z,0x166a949e8ab77af7dbf346babf8de5133dd1591c,400
2023-04-20T05:48:04Z,0x8cc643e445b705141b47403b584e3d594bf79f75,115.896327
2023-04-20T07:03:59Z,0x13e654448435fed6aa0121a4d44f361695a71f53,250
2023-04-20T07:38:34Z,0xfdf3b3b1cfe5f4967daba1719693d589ba790c1c,11
2023-04-20T08:10:39Z,0xba2139fade8d0594998e82a97b10c2c7e73fdb2b,0.5
2023-04-20T08:22:46Z,0xb86941f1359b08477613d28822d7babe1f525132,4999.5
2023-04-20T09:44:51Z,0x24d768d1ffadea536f293354553d360c7e16a8e0,1000
2023-04-20T10:15:48Z,0x13e654448435fed6aa0121a4d44f361695a71f53,250
2023-04-20T10:20:17Z,0x7ca52c6bb113081b6aef3de7514fc256fb67cb8e,1979.911071
2023-04-20T10:56:09Z,0x8cc643e445b705141b47403b584e3d594bf79f75,-95.971447
2023-04-20T11:00:42Z,0x88727f97c56ba30ad694df193315c6a39cbae5f7,95.971447
2023-04-20T11:24:37Z,0xb7ff55bf999c21a441e7833b1346dab299762f1f,200.000064
2023-04-20T12:42:42Z,0x28ba4b355cfec9909b371ebc0a5fa007a9c7d4cf,100
2023-04-20T12:42:58Z,0x7e730c8561cbc5f454b31fdc923fc36f8968552b,91.651363
2023-04-20T14:32:49Z,0x90d4e0ab580851410d3b2f6b55c19c37a2040e33,20
2023-04-20T16:38:13Z,0x09fdf1214dea83ae9e4313356afa71deb3549303,50
2023-04-20T16:41:35Z,0xb6117d79f64550d4e7b1d4e655a246a3ea1ad6ab,501.864835
2023-04-20T20:03:22Z,0x1fad068d5dd3f0f744f35f3684bb5ecafdb486f5,-105.761306
2023-04-20T21:47:27Z,0xf260029a51933376dce9e60d0ab0be2c6403746b,-109.485265
2023-04-20T23:09:41Z,0x1497603fea33e12307ea0a1988cdff9efc4bdea4,250
2023-04-21T01:06:41Z,0x1cdb80b2da94290e4534f9e12c16b9fb89de3285,-176.213327
2023-04-21T01:20:00Z,0x60dd456273cbb018c2222621d4c2dc5016e870d3,200
2023-04-21T02:00:01Z,0xb86941f1359b08477613d28822d7babe1f525132,-2000
2023-04-21T03:23:09Z,0x04001c5359ec93b3368af1c8f0d5510506ece41b,5000
2023-04-21T03:25:39Z,0xa7374891d028329d24e41763adc3ef1853f887b1,5000
2023-04-21T04:18:52Z,0x46f1fc698ca29143405e311833aa937555340d44,200
2023-04-21T04:46:42Z,0x677d831aef5328190852e24f13c46cac05f984e7,3333
2023-04-21T06:27:20Z,0xb6117d79f64550d4e7b1d4e655a246a3ea1ad6ab,2150.024054
2023-04-21T06:52:43Z,0xabceb0f84c830d6d7b94c6273f2ab27ca597aa25,-1000.47
2023-04-21T07:10:14Z,0xf9b6090559aed9743695a1ad55233446a49b5a69,101
2023-04-21T07:17:16Z,0x1d8c4d80464270afb50576cab66f08a29903747f,180
2023-04-21T08:20:13Z,0x19d32180bc2210ea3b500553d3db90ef248a38f3,150
2023-04-21T08:28:35Z,0xe4042c9b91e090abc2e08a711d357fadd6c0a9a3,45
2023-04-21T10:43:21Z,0xffcdcf517f40ec98e6035f86a30fd8ad3abf67dc,50
2023-04-21T11:04:14Z,0xd5236cca5bae6e09d044ade099397ebc30f52131,125
2023-04-21T11:09:59Z,0xd5236cca5bae6e09d044ade099397ebc30f52131,-124.9674
2023-04-21T13:25:42Z,0xa7374891d028329d24e41763adc3ef1853f887b1,-4684.358562
2023-04-21T14:27:19Z,0x550339b44e603c3cbe6b0c00cf70bbfe16c5a04a,-107.166213
2023-04-21T14:30:55Z,0x1112961c3381df20c02ae44e013e567431673b0b,120
2023-04-21T15:42:06Z,0x77fe5e8e2be8d93a73ed097a70e1c915292b840f,76.824008
2023-04-21T16:38:24Z,0x07188478c7b3e7ce94a45eb6dcfdc366d0700aa8,100.469625
2023-04-21T17:10:22Z,0xe2e8fee9ac2af4352a0e424650b77da25c36bf80,100
2023-04-21T18:06:23Z,0x333486dd811aad9945bba325c0b6df9e2748e23d,1000
2023-04-21T18:12:14Z,0x333486dd811aad9945bba325c0b6df9e2748e23d,-1000
2023-04-21T18:46:18Z,0xa3a15567ee4e8a483fabfda28ff309045537dd84,500
2023-04-21T18:56:22Z,0x9a1500b41519868039b1f95c447ba50b76d837e6,1000
2023-04-21T19:18:19Z,0xa71b7c868de1f1898559dae13ee71bef1ea43962,101.568512
2023-04-21T19:55:59Z,0x0811d5442a311bc591fe663534d548bf1c09d7de,-100
2023-04-21T22:08:46Z,0xd1f2ec322918feeed26a2555b999c0835bbbc00a,5000
2023-04-22T00:06:13Z,0xd1f2ec322918feeed26a2555b999c0835bbbc00a,5000
2023-04-22T00:10:37Z,0xd1f2ec322918feeed26a2555b999c0835bbbc00a,-1000
2023-04-22T06:38:31Z,0x07188478c7b3e7ce94a45eb6dcfdc366d0700aa8,-20
2023-04-22T10:44:20Z,0xf97c77c4a036752854663ca597f097aa5db7534b,99.351608
2023-04-22T12:05:47Z,0xcdb223c241b136ab90003673cde0ced9fdc79dcf,10
2023-04-22T13:39:35Z,0x2f67038af19a4ff8f5530c238b0029b80278b9bc,49.51
2023-04-22T15:46:27Z,0xb6117d79f64550d4e7b1d4e655a246a3ea1ad6ab,-965.728737
2023-04-22T16:22:14Z,0x15882f4c64dd2ec18b62eec8761266f482e0201d,49.943934
2023-04-22T17:49:37Z,0x23e14c4cebc1974f16d3fdc106a443278c27b4d4,658.613394
2023-04-22T19:20:17Z,0xa4a355802930f3d3325f8269e789502c4585a0a8,150
2023-04-22T20:25:37Z,0xc64e6dbf49c2d0f987098baec30312c32258ad3d,12
2023-04-22T20:56:46Z,0x51eb5b4ceef5260b13939071917ae9d67ae2c8a1,22.256578
2023-04-22T21:52:36Z,0x51eb5b4ceef5260b13939071917ae9d67ae2c8a1,-22.188138
2023-04-23T00:44:59Z,0x04001c5359ec93b3368af1c8f0d5510506ece41b,-2902.739555
2023-04-23T00:47:44Z,0x79f49449a106d290e697c3492694b80171052a8c,2000
2023-04-23T00:55:38Z,0x98b69d0b81fb1966ebe0af76789425706e5afe7b,222.084079
2023-04-23T01:00:47Z,0xa7374891d028329d24e41763adc3ef1853f887b1,500
2023-04-23T01:33:15Z,0xd1f2ec322918feeed26a2555b999c0835bbbc00a,5000
2023-04-23T02:28:19Z,0x88727f97c56ba30ad694df193315c6a39cbae5f7,-50
2023-04-23T02:30:50Z,0x8cc643e445b705141b47403b584e3d594bf79f75,50
2023-04-23T03:39:02Z,0x0db32190e72011f15ac925180180d3636e19b3e9,500
2023-04-23T03:41:15Z,0x58db8af40b5e0004ab33dd19b4249b8dda8dab4d,120.020052
2023-04-23T06:32:48Z,0x07a781c8247c84b16d440f8f6ed0889f6c98da8e,1228.821336
2023-04-23T06:41:15Z,0x07a781c8247c84b16d440f8f6ed0889f6c98da8e,-1227.7
2023-04-23T06:41:15Z,0x27c77c2c2f8ffb1005f9d202bd9a0e261e34d053,1227.7
2023-04-23T08:46:17Z,0xe2e8fee9ac2af4352a0e424650b77da25c36bf80,-166.097595
2023-04-23T10:30:27Z,0xeb20b344612e8825ca07206f40f2b88e5afd5dd3,200
2023-04-23T10:58:51Z,0x42061acc5da4af3b779aa7a275e72ad163308490,-14.209946
2023-04-23T13:14:42Z,0xb222b456ad71e15f3e25e534028223d8c34e1159,101
2023-04-23T13:21:58Z,0xfec4eb4c6236e6a4a739e40149dbcef4224897a5,101
2023-04-23T13:35:49Z,0x07188478c7b3e7ce94a45eb6dcfdc366d0700aa8,500.222906
2023-04-23T13:37:42Z,0x07188478c7b3e7ce94a45eb6dcfdc366d0700aa8,-30
2023-04-23T13:58:50Z,0xf26701ed06968be02dae89557f680bfee0d5677c,30
2023-04-23T14:32:26Z,0xab8e0f243838f5e573b2649bc7304afd5fd36446,100
2023-04-23T15:45:00Z,0x8d7e609eabc813df14ef5ae36346de96503af0c4,911.846468
2023-04-23T18:04:47Z,0x9ab9a2cff2d8cd0b00a2e31f06ce8df4fc7fac77,5000
2023-04-23T18:05:24Z,0x8d7e609eabc813df14ef5ae36346de96503af0c4,241.508151
2023-04-23T18:55:59Z,0x6140b013fd4acfe15c302b605b5de388cd8897bd,-50
2023-04-23T19:11:42Z,0x07078789958dfa54f75c22ac2520df38fd39d26d,349.7
2023-04-23T19:46:48Z,0x07078789958dfa54f75c22ac2520df38fd39d26d,-327.03772
2023-04-23T21:21:12Z,0xc0a32e6f3914d13dfa99460e80fa3b0fc03755f0,332.499455
2023-04-23T22:31:45Z,0xc0a32e6f3914d13dfa99460e80fa3b0fc03755f0,-101
2023-04-24T00:49:31Z,0x328c56a535ba2f3e46480dcdb4c760c3ebc7662d,5000
2023-04-24T00:53:19Z,0x88fe3825a713f9d6373fe68bc1d3556025084bb8,5000
2023-04-24T00:55:23Z,0x9ab9a2cff2d8cd0b00a2e31f06ce8df4fc7fac77,1372.510286
2023-04-24T01:13:51Z,0x9482c72cb018ee03d8c23395038b510ed4e6040c,240.857472
2023-04-24T02:40:26Z,0xc0a32e6f3914d13dfa99460e80fa3b0fc03755f0,-20.793141
2023-04-24T02:49:17Z,0xb3271df122fdc7381618c19a49dc2a16d500bd6b,1994.68577
2023-04-24T07:18:33Z,0x80189a10db6f1c4c237054c3bcb107a24634e3eb,200
2023-04-24T12:04:27Z,0x96b2bba39c34666864902c5752eeae851393484d,469.628054
2023-04-24T14:27:43Z,0xff01e4ae9b6a615b987ac722e39906faf5bdc2d4,3000
2023-04-24T16:54:49Z,0x00f3a6af11feef99893676987b87c2f6e3fb2e9b,24.985
2023-04-24T19:11:41Z,0xfec4eb4c6236e6a4a739e40149dbcef4224897a5,-96.648261
2023-04-24T19:14:01Z,0xb222b456ad71e15f3e25e534028223d8c34e1159,-96.46494
2023-04-24T20:01:04Z,0x776c49e67a2b068ac27e6074e578ebfa2d6aa3fd,223.552079
2023-04-24T20:04:30Z,0x897efe26eebbac95beb21037a61db847d6726957,101
2023-04-24T20:21:38Z,0x3e91ea006f8b2394a6db8ab0225309ad6e7ed9cb,500
2023-04-24T20:58:30Z,0x441a83eb87ea2e05c377234e9df9b05adc9c7ff5,150
2023-04-24T22:09:36Z,0x958f9d320a3a5cfaa1d97d2dfeebf4898a7aaa50,164.414292
2023-04-24T22:38:20Z,0x139791013f6dcc26f4052e6a7b8ed50099e7d15b,200
2023-04-24T23:30:54Z,0xe0a607714a69fd377891f40df6e27a428684ecbb,200
2023-04-24T23:33:55Z,0x8bc964e36e3fcf9068d98e55a64a99d22c898afa,-14.843922
2023-04-24T23:53:49Z,0xf01fbb2a299e08b9bbef0043ba0e0cf6fa243ea5,100
2023-04-25T00:12:31Z,0x965b30b56f8a00a5c5a4c0c6e32592546374ae6e,199.810001
2023-04-25T00:36:00Z,0xe89b5b8ae2db121a9128ac9903627c639bc82f30,921.082881
2023-04-25T00:38:55Z,0xe89b5b8ae2db121a9128ac9903627c639bc82f30,-778
2023-04-25T00:42:18Z,0x0ef1df9bf1dc757601cbe1c39f78a0b5d131fc84,184.094702
2023-04-25T00:44:32Z,0x0ef1df9bf1dc757601cbe1c39f78a0b5d131fc84,-100
2023-04-25T00:47:38Z,0x4ad5c5f0a3ccb3b4cbe6f91190a24caf4be5b553,183.880867
2023-04-25T00:49:21Z,0x4ad5c5f0a3ccb3b4cbe6f91190a24caf4be5b553,-100
2023-04-25T01:03:28Z,0x15ebe589457229c039ddfd0370dc7d84497bc722,3758.655698
2023-04-25T01:14:04Z,0x80f4ab97b56cbd8b84ae166053af8ba56d2d6686,500
2023-04-25T01:15:53Z,0x8cc643e445b705141b47403b584e3d594bf79f75,111.645723
2023-04-25T01:20:32Z,0x73e48eec262a5d5eff91db63aa1ca5975ecd98e3,165.949568
2023-04-25T01:26:50Z,0x88727f97c56ba30ad694df193315c6a39cbae5f7,44.93608
2023-04-25T01:45:04Z,0x3e2bca865f60bba57088d32cffd9c763a5c7542f,500
2023-04-25T01:49:32Z,0xf53a0480ca2e28afdb385d25f94c8ca3dd453033,5000
2023-04-25T02:35:36Z,0x328c56a535ba2f3e46480dcdb4c760c3ebc7662d,2358.695224
2023-04-25T02:38:28Z,0xc0a32e6f3914d13dfa99460e80fa3b0fc03755f0,-101.069687
2023-04-25T03:11:04Z,0x36253ed622e225836f24e01ee62e4884783f075f,5000
2023-04-25T04:36:22Z,0x53a2da0225e7a8787a5c63a0d48e2dcaf10e7324,31.25335
2023-04-25T07:32:17Z,0xb6117d79f64550d4e7b1d4e655a246a3ea1ad6ab,2776.552004
2023-04-25T07:33:20Z,0x7fae3cbe00a1045a8798727a3a4775312d21e81f,-312.167402
2023-04-25T07:55:30Z,0xf16d62012ee210af984b816a6c8c0cc47eeb65e4,64.271533
2023-04-25T08:18:13Z,0x26f72b2bdaa4b82888055434cfdf41b617a02d41,199.940061
2023-04-25T08:51:23Z,0x26f72b2bdaa4b82888055434cfdf41b617a02d41,-175.638431
2023-04-25T08:55:51Z,0xe0a607714a69fd377891f40df6e27a428684ecbb,181.642306
2023-04-25T09:20:34Z,0x5a50c5c63440f7c3d44bce3a0c47d2d8e72b907a,200
2023-04-25T09:37:07Z,0x9aa1a9104119c2229df376962ce63017ca6e5681,200
2023-04-25T09:37:07Z,0x644702e5419b5d0a535777383e06b9fd5ef3c948,117.105584
2023-04-25T10:01:50Z,0x9aa1a9104119c2229df376962ce63017ca6e5681,-72.076388
2023-04-25T10:02:32Z,0x5a50c5c63440f7c3d44bce3a0c47d2d8e72b907a,-150.002402
2023-04-25T10:10:12Z,0x828f307bb60861455a3215b8df4b62b763c30d43,182.475534
2023-04-25T10:36:46Z,0x828f307bb60861455a3215b8df4b62b763c30d43,-161.073844
2023-04-25T11:05:03Z,0x1d263db796d8fdfcb8fa467edd7d1a94e37e4f63,150
2023-04-25T11:09:54Z,0x3a4a5ad2456c4b114bc0d308ea0bc99e67cbc047,250
2023-04-25T12:16:29Z,0xc8a02a285cc8947d608a0603bd46a4363d4a191f,223.56356
2023-04-25T13:41:46Z,0x4d304e39254a07e204a3253b64d057fd406164cb,101.801227
2023-04-25T14:51:24Z,0x672ad3627e357d3fd06472c316f6075f0dcae553,50
2023-04-25T14:55:13Z,0x672ad3627e357d3fd06472c316f6075f0dcae553,4950
2023-04-25T15:20:24Z,0x0337b736eec4d77f5c61889ae40a2af3c209a319,63.606734
2023-04-25T15:41:17Z,0x0337b736eec4d77f5c61889ae40a2af3c209a319,-45.835664
2023-04-25T15:56:45Z,0x9aebea73d2af4cd33557f491545d8be97874021e,500.054288
2023-04-25T16:48:54Z,0x35e4e05d86387f33df30a2b7a111b599ee00a317,100
2023-04-25T17:32:32Z,0xc613a37b22b13fdcd935ee562031b6a104e2e536,236.575325
2023-04-25T17:56:34Z,0x1a7eb3e51e29c59295544a41ab36156f9fa6a5d5,1000
2023-04-25T18:08:18Z,0x7a425131943693754adcb27126f668e1e76e1d7c,100
2023-04-25T18:09:57Z,0xccd260887319674d8c27dafd0d0e2279657d28f7,196.414153
2023-04-25T18:16:24Z,0xccd260887319674d8c27dafd0d0e2279657d28f7,-158.629613
2023-04-25T18:23:29Z,0x644702e5419b5d0a535777383e06b9fd5ef3c948,-10
2023-04-25T18:27:23Z,0x9e41c550d1ff3913f09b7cfbb9da17d3dd80dd31,100.79456
2023-04-25T18:36:37Z,0x3a4a5ad2456c4b114bc0d308ea0bc99e67cbc047,15.421487
2023-04-25T19:08:20Z,0xb2c3c7a3cd67e0f97854bd7b0458a2cf29d07854,100
2023-04-25T19:08:51Z,0x776c49e67a2b068ac27e6074e578ebfa2d6aa3fd,-216.951675
2023-04-25T19:12:23Z,0x98193553356ffd5c9760d508b12dbf1ae3308948,216.951675
2023-04-25T19:17:15Z,0x98193553356ffd5c9760d508b12dbf1ae3308948,-185.653215
2023-04-25T19:26:35Z,0xb2c3c7a3cd67e0f97854bd7b0458a2cf29d07854,-93.0343
2023-04-25T19:54:47Z,0xa68c0c992ca96b0d74aab97d25dde6da3168f79c,100
2023-04-25T20:10:48Z,0x644702e5419b5d0a535777383e06b9fd5ef3c948,-15
2023-04-25T21:19:26Z,0xaa31599f7a5cc500473f5f566b119da66638099b,250
2023-04-26T03:17:35Z,0x47271acc4b32774736ede1c5414c94cc97baf820,10
2023-04-26T06:08:35Z,0x1497603fea33e12307ea0a1988cdff9efc4bdea4,1044.213397
2023-04-26T06:26:17Z,0xf53a0480ca2e28afdb385d25f94c8ca3dd453033,-4815.465062
2023-04-26T06:55:06Z,0x8c580556fdb1f57853e49f409ae9b89f7658e7a2,100
2023-04-26T07:02:53Z,0x264f66719f3ca44067772d33a4a1f8f52b58d898,100
2023-04-26T07:23:06Z,0x591c0cc6bf7862d6baac195d79003d9457946973,20
2023-04-26T07:28:12Z,0xf6ccf8751fd02de2e14cdf0ff0aa36d6e7a1ab28,94.506624
2023-04-26T07:42:47Z,0x3a4a5ad2456c4b114bc0d308ea0bc99e67cbc047,125
2023-04-26T08:55:41Z,0xb6117d79f64550d4e7b1d4e655a246a3ea1ad6ab,-1616.339677
2023-04-26T09:01:03Z,0xf6ccf8751fd02de2e14cdf0ff0aa36d6e7a1ab28,-73.10316
2023-04-26T10:01:57Z,0xb7ff55bf999c21a441e7833b1346dab299762f1f,3778.234409
2023-04-26T10:08:05Z,0xb7ff55bf999c21a441e7833b1346dab299762f1f,-3948.021993
2023-04-26T10:35:43Z,0x1d828e3e441632ce8b0c869adbab0ee19800851e,99.402352
2023-04-26T10:42:59Z,0x23901b6a565b9e225b2260e664ef496ce05941e4,100.002075
2023-04-26T11:12:18Z,0x62266193e6bfcb7ab6409c51731ec46492f4f1af,1060
2023-04-26T11:23:11Z,0xec98d934f9e9e0ecd00b4af903092b6f14ea01f2,20
2023-04-26T11:34:29Z,0x4bdb71eff8acb117ebd6ab27f733cfe6b04d4274,60
2023-04-26T11:49:54Z,0x62266193e6bfcb7ab6409c51731ec46492f4f1af,-793.20328
2023-04-26T12:19:44Z,0x2166f26f34655c76398c938574b5a73b9cfbc28f,135.55698
2023-04-26T12:59:40Z,0x0b1b167d63fcd3a3f2bbc176698a057d18ee451a,72.690554
2023-04-26T13:20:21Z,0x42061acc5da4af3b779aa7a275e72ad163308490,47.044923
2023-04-26T13:39:46Z,0x53a2da0225e7a8787a5c63a0d48e2dcaf10e7324,-25.98977
2023-04-26T13:43:14Z,0x9e41c550d1ff3913f09b7cfbb9da17d3dd80dd31,150
2023-04-26T14:08:20Z,0x2bd7ab7bdbc4eb1c88acb8ceb80d805fc0243eb5,1952.243931
2023-04-26T14:24:03Z,0x2bd7ab7bdbc4eb1c88acb8ceb80d805fc0243eb5,-1993.105881
2023-04-26T14:57:01Z,0x0117bede5cdacd59f92fda9fa28c3da930dbf6bf,606.662775
2023-04-26T14:57:59Z,0x07188478c7b3e7ce94a45eb6dcfdc366d0700aa8,25.581515
2023-04-26T15:08:49Z,0x07188478c7b3e7ce94a45eb6dcfdc366d0700aa8,20
2023-04-26T15:10:48Z,0x0117bede5cdacd59f92fda9fa28c3da930dbf6bf,-547.018815
2023-04-26T15:20:53Z,0x2bd7ab7bdbc4eb1c88acb8ceb80d805fc0243eb5,2000
2023-04-26T15:24:15Z,0xa68c0c992ca96b0d74aab97d25dde6da3168f79c,55
2023-04-26T16:11:06Z,0x5e8fddd6af2e195edb04e146ff4ae2f0c2a4970f,1803.304199
2023-04-26T16:17:34Z,0x0b1b167d63fcd3a3f2bbc176698a057d18ee451a,-71.837964
2023-04-26T16:42:00Z,0x5e8fddd6af2e195edb04e146ff4ae2f0c2a4970f,-7.957464
2023-04-26T16:42:22Z,0x5e8fddd6af2e195edb04e146ff4ae2f0c2a4970f,-1311.063235
2023-04-26T19:16:54Z,0x3e91ea006f8b2394a6db8ab0225309ad6e7ed9cb,-479.910521
2023-04-26T19:28:38Z,0xc845a0feaff2905000f8bd2c80be8cf429f012e5,3000
2023-04-26T19:36:52Z,0x205080f2a5e36267a9aa494bd58fe76ac3b20a33,112.447675
2023-04-26T21:08:13Z,0xffcdcf517f40ec98e6035f86a30fd8ad3abf67dc,-96.526769
2023-04-26T21:33:15Z,0x948f7fc9081fd40959a8461036879e797ad8fc81,150
2023-04-26T21:33:42Z,0x948f7fc9081fd40959a8461036879e797ad8fc81,150
2023-04-26T22:45:49Z,0x644702e5419b5d0a535777383e06b9fd5ef3c948,-10
2023-04-27T01:05:23Z,0x958f9d320a3a5cfaa1d97d2dfeebf4898a7aaa50,-228.119087
2023-04-27T01:05:40Z,0x3b6996b7aa8371b0301167eefca33efca13307d6,-0.6907
2023-04-27T01:05:40Z,0x42061acc5da4af3b779aa7a275e72ad163308490,0.6907
2023-04-27T01:45:55Z,0x07188478c7b3e7ce94a45eb6dcfdc366d0700aa8,20.565898
2023-04-27T01:59:29Z,0x3e91ea006f8b2394a6db8ab0225309ad6e7ed9cb,117.241833
2023-04-27T02:14:58Z,0x5c2ee27cd1c216445074794fb5648a235c4029ff,222.966482
2023-04-27T03:18:39Z,0xd1947a3d0955454b9b13bf6fefae1b82aa712123,-90.333265
2023-04-27T03:58:35Z,0xf0b92fe9f24f8abaa62f62734bf80fd6e5114364,164.060837
2023-04-27T04:25:03Z,0x4b863d84b0df0a911e56dd2472919d2b04fc6e05,20.094751
2023-04-27T10:05:43Z,0x4b863d84b0df0a911e56dd2472919d2b04fc6e05,-13.90882
2023-04-27T11:07:31Z,0x26f72b2bdaa4b82888055434cfdf41b617a02d41,-8.769111
2023-04-27T16:00:10Z,0xb2fc95ac88f868155a134bc7f6b3da87ce94136c,99.627008
2023-04-27T16:52:17Z,0x432daf44f767505c7e1d5fac0f9a7f5d5572bd03,296.490423
2023-04-27T17:36:12Z,0x00000aab595a3ab92547c596f74d020f727338c4,95.295793
2023-04-27T17:47:01Z,0x333486dd811aad9945bba325c0b6df9e2748e23d,185.653215
2023-04-27T18:57:04Z,0x4b863d84b0df0a911e56dd2472919d2b04fc6e05,29.816894
2023-04-27T19:08:31Z,0x504b432589a899dbcf8ba7e77f5782fa8af15ecf,109.89
2023-04-27T19:08:42Z,0xc3706a20adb5f8f7b19b28cd4a8b93b6cdf57c5d,108
2023-04-27T19:38:48Z,0x0ceb05fe4adf6814c391f0a11dc0388100fc8d6c,100
2023-04-27T20:25:25Z,0xca5c0ff91c8b50fea024f5a92ec4e0a290976304,25
2023-04-27T20:31:12Z,0xb2fc95ac88f868155a134bc7f6b3da87ce94136c,-99.627008
2023-04-27T20:41:46Z,0x3024cfdd82bbc8c3b9c978bc9b23b3d45b9d817f,30
2023-04-27T21:36:08Z,0x948f7fc9081fd40959a8461036879e797ad8fc81,300
2023-04-27T22:27:57Z,0x00000aab595a3ab92547c596f74d020f727338c4,57.427332
2023-04-27T22:57:58Z,0x4f17562c9a6ccfe47c3ef4245eb53c047cb2ff1d,1290.003537
2023-04-28T02:27:00Z,0x4b863d84b0df0a911e56dd2472919d2b04fc6e05,-30.040894
2023-04-28T04:53:09Z,0x432daf44f767505c7e1d5fac0f9a7f5d5572bd03,-285.774993
2023-04-28T07:01:07Z,0x237379cbbe22bc194a5e30fc7ebcb3f4cbab87c1,31.577376
2023-04-28T07:41:04Z,0x137bf88101383267e5446b462edd0343aad6b534,23
2023-04-28T09:18:11Z,0x07188478c7b3e7ce94a45eb6dcfdc366d0700aa8,86.988236
2023-04-28T09:20:26Z,0x28ba4b355cfec9909b371ebc0a5fa007a9c7d4cf,-93.935683
2023-04-28T09:23:07Z,0x05b0c378de983387b6704face532e689e1946553,102
2023-04-28T09:37:38Z,0xec98d934f9e9e0ecd00b4af903092b6f14ea01f2,-18.677714
2023-04-28T10:05:17Z,0x97b3596e843d6068bd4d65ac267429dcf0b5ad02,50
2023-04-28T10:39:27Z,0x00000aab595a3ab92547c596f74d020f727338c4,1092.098533
2023-04-28T10:51:20Z,0x1d263db796d8fdfcb8fa467edd7d1a94e37e4f63,100
2023-04-28T11:03:18Z,0xb7ff55bf999c21a441e7833b1346dab299762f1f,200
2023-04-28T12:30:23Z,0x189d81b32b847d94b12317c2fa64199d7cf506bb,5000
2023-04-28T14:23:31Z,0xe98e9c9daae2d17319147c5e601b7bf488a8a206,100
2023-04-28T14:47:54Z,0x541650182aa9031fe7a3d0778fbc8f48a32df51f,41
2023-04-28T15:15:11Z,0xa1703c46dbef0a5d6f0691b6582418a55a1c35ec,105
2023-04-28T15:19:47Z,0xb837ffd9b67af904ef9f0ffefcdd9f0cfae22fc7,105
2023-04-28T17:51:21Z,0x5505f7442fcbad24f65265c422f8a055993815c4,100
2023-04-28T17:53:10Z,0x5505f7442fcbad24f65265c422f8a055993815c4,20
2023-04-28T18:20:11Z,0xc4b9adf1c173ee06a79e8d7f7ccf992794fa7699,1000
2023-04-28T18:29:39Z,0x23e14c4cebc1974f16d3fdc106a443278c27b4d4,-519.398981
2023-04-28T19:52:20Z,0x23e14c4cebc1974f16d3fdc106a443278c27b4d4,519.398981
2023-04-28T21:13:27Z,0xffcdcf517f40ec98e6035f86a30fd8ad3abf67dc,25
2023-04-28T21:59:29Z,0xde2f8a2f6c4077591ba6f4dbeb3a254942032e26,35.39
2023-04-28T22:02:52Z,0xde2f8a2f6c4077591ba6f4dbeb3a254942032e26,75.013116
2023-04-28T22:04:15Z,0x948f7fc9081fd40959a8461036879e797ad8fc81,300
2023-04-28T22:10:20Z,0x948f7fc9081fd40959a8461036879e797ad8fc81,10
2023-04-28T22:58:03Z,0x23e14c4cebc1974f16d3fdc106a443278c27b4d4,-493.59312
2023-04-28T23:04:48Z,0x130858ce6901976f13c2eef147b45665197cbd61,104.267494
2023-04-28T23:52:21Z,0x3aff5ae7a64450f96425c90c4ba928b9db8fbfc3,571
2023-04-29T01:39:00Z,0xa67bc60919b724fbdcd7888e2ad6db2366b1f127,180
2023-04-29T07:01:17Z,0x10ebe9e6070301bbc47d1e4d0565afe17ca361b1,86.886218
2023-04-29T15:04:28Z,0x14ea268e593263cf91dd55acd3f684036d46f48c,110
2023-04-29T16:21:43Z,0x948f7fc9081fd40959a8461036879e797ad8fc81,300
2023-04-29T18:49:11Z,0xeacdd6b4b80fcb241a4cfab7f46e886f19c89340,-900
2023-04-29T18:51:22Z,0xeacdd6b4b80fcb241a4cfab7f46e886f19c89340,200
2023-04-29T19:00:38Z,0x88fe3825a713f9d6373fe68bc1d3556025084bb8,3390.56
2023-04-29T19:02:49Z,0x328c56a535ba2f3e46480dcdb4c760c3ebc7662d,4060.176431
2023-04-29T23:34:33Z,0xf0be4cc2ebd9743cadbea62f5c4677026838c89d,99.81
2023-04-29T23:47:35Z,0x2f39160df03e0ea404c7eb59c7ae1296040d2969,335.357759
2023-04-30T02:25:06Z,0xbafa0e7925d275421002fff83076dd387a79e6d2,68.6614
2023-04-30T02:42:21Z,0xbafa0e7925d275421002fff83076dd387a79e6d2,100.81
2023-04-30T12:34:02Z,0xe16c0e1bf3b75f67e83c9e47b9c0eb8bf1b99ccd,5000
2023-04-30T13:20:43Z,0x0117bede5cdacd59f92fda9fa28c3da930dbf6bf,56.57725
2023-04-30T13:48:55Z,0x0117bede5cdacd59f92fda9fa28c3da930dbf6bf,-55.720898
2023-04-30T13:55:15Z,0x139791013f6dcc26f4052e6a7b8ed50099e7d15b,101.597088
2023-04-30T14:15:21Z,0x5ad808db223ab069822171305479cddfc0a39dd3,4902.352488
2023-04-30T14:49:07Z,0xf0be4cc2ebd9743cadbea62f5c4677026838c89d,-106.493224
2023-04-30T15:14:57Z,0x672ad3627e357d3fd06472c316f6075f0dcae553,5000
2023-04-30T18:10:16Z,0x79f49449a106d290e697c3492694b80171052a8c,6710
2023-04-30T19:35:33Z,0x3998f134d6aaa2b6a5f723806d00fd2bbbbce891,183.574228
2023-04-30T19:42:56Z,0x956a2725e42dd701ef115bab50a06ee5bb9da8c2,113.032876
2023-04-30T21:29:42Z,0x5505f7442fcbad24f65265c422f8a055993815c4,-110
2023-04-30T21:30:45Z,0x5505f7442fcbad24f65265c422f8a055993815c4,-9
2023-04-30T22:18:19Z,0x00241cd5a7557569515e6feef2929ad33a16cf88,28.415831
2023-04-30T22:32:43Z,0x00241cd5a7557569515e6feef2929ad33a16cf88,-28.415831
2023-04-30T23:14:08Z,0x00241cd5a7557569515e6feef2929ad33a16cf88,104.1112
2023-05-01T00:34:06Z,0x948f7fc9081fd40959a8461036879e797ad8fc81,289.269
2023-05-01T00:40:08Z,0x00241cd5a7557569515e6feef2929ad33a16cf88,-104.1112
2023-05-01T01:41:37Z,0x9a69e7f21c848b0f0a06366ddaf9cdb4d268c6d3,83
2023-05-01T06:39:18Z,0x10ebe9e6070301bbc47d1e4d0565afe17ca361b1,-88.288448
2023-05-01T07:13:25Z,0x31c21020dcbca1bbb1da1b1ff09753eee75f9156,50
2023-05-01T09:31:11Z,0x189d81b32b847d94b12317c2fa64199d7cf506bb,5000
2023-05-01T09:54:02Z,0x08ebe971cbd3e572ee63ebdacf6042e76e5326a1,400
2023-05-01T10:07:51Z,0x94fc17b0e7b99b6983fdaab1ecbe2e83016d5d19,17.652041
2023-05-01T11:12:54Z,0x31d57351c9f697ed99eebc5ad5f1f4892e5ece51,300
2023-05-01T11:18:57Z,0x52e2a414c65bd8ea41b6c5b5276ed9452ecad088,150
2023-05-01T11:38:35Z,0x67702f3a1b5e52fcb29875821e0c8a05db5ee03e,93.725442
2023-05-01T11:47:04Z,0xd1947a3d0955454b9b13bf6fefae1b82aa712123,159.061711
2023-05-01T12:14:02Z,0x97b3596e843d6068bd4d65ac267429dcf0b5ad02,50
2023-05-01T12:46:46Z,0x0811d5442a311bc591fe663534d548bf1c09d7de,-76
2023-05-01T14:22:51Z,0xf0be4cc2ebd9743cadbea62f5c4677026838c89d,100
2023-05-01T20:57:21Z,0xa3a15567ee4e8a483fabfda28ff309045537dd84,198.746406
2023-05-01T22:35:16Z,0x2f67038af19a4ff8f5530c238b0029b80278b9bc,-27
2023-05-02T02:46:22Z,0xf0be4cc2ebd9743cadbea62f5c4677026838c89d,-79.904141
2023-05-02T03:04:42Z,0x3093189bd4d429cb2f47d03c14b9e9200b6b9425,11
2023-05-02T03:06:10Z,0x4bc3d7bacac1c00fe41ec5014080bc02f2f464d1,86.397365
2023-05-02T07:23:49Z,0x5caace0ca6994da02378640e990f539c63d9985a,30
2023-05-02T07:33:16Z,0xd21c188c66dcaf01e2a0cf8ebd364d8ef60bf525,50
2023-05-02T08:31:04Z,0xf5bc283a98bb8ba0bfe9ed22f843a87e04cbf8f5,249.044392